sms,label
"Go until jurong point, crazy.. Available only in bugis n great world la e buffet... Cine there got amore wat...
",0
"What you thinked about me. First time you saw me in class.
",0
"Please don't text me anymore. I have nothing else to say.
",0
"Sindu got job in birla soft ..
",0
"Found it, ENC  &lt;#&gt; , where you at?
",0
"Congratulations ur awarded 500 of CD vouchers or 125gift guaranteed & Free entry 2 100 wkly draw txt MUSIC to 87066 TnCs www.Ldew.com1win150ppmx3age16
",1
"Need a coffee run tomo?Can't believe it's that time of week already
",0
"Just checking in on you. Really do miss seeing Jeremiah. Do have a great month
",0
"Hmmm...k...but i want to change the field quickly da:-)i wanna get system administrator or network administrator..
",0
"10 min later k...
",0
"Dear i have reache room
",0
"Ok give me 5 minutes I think I see her. BTW you're my alibi. You were cutting my hair the whole time.
",0
"I'm going out to buy mum's present ar.
",0
"You have won ?1,000 cash or a ?2,000 prize! To claim, call09050000327. T&C: RSTM, SW7 3SS. 150ppm
",1
"K..u also dont msg or reply to his msg..
",0
"By monday next week. Give me the full gist
",0
"""Gimme a few"" was  &lt;#&gt;  minutes ago
",0
"Today's Offer! Claim ur £150 worth of discount vouchers! Text YES to 85023 now! SavaMob, member offers mobile! T Cs 08717898035. £3.00 Sub. 16 . Unsub reply X
",1
"Your free ringtone is waiting to be collected. Simply text the password ""MIX"" to 85069 to verify. Get Usher and Britney. FML, PO Box 5249, MK17 92H. 450Ppw 16
",1
"Is that what time you want me to come?
",0
"Aight will do, thanks again for comin out
",0
"18 days to Euro2004 kickoff! U will be kept informed of all the latest news and results daily. Unsubscribe send GET EURO STOP to 83222.
",1
"Been up to ne thing interesting. Did you have a good birthday? When are u wrking nxt? I started uni today.
",0
"Not a drop in the tank
",0
"NEFT Transaction with reference number  &lt;#&gt;  for Rs. &lt;DECIMAL&gt;  has been credited to the beneficiary account on  &lt;#&gt;  at  &lt;TIME&gt; : &lt;#&gt;
",0
"I call you later, don't have network. If urgnt, sms me.
",0
"Great to hear you are settling well. So what's happenin wit ola?
",0
"FREE2DAY sexy St George's Day pic of Jordan!Txt PIC to 89080 dont miss out, then every wk a saucy celeb!4 more pics c PocketBabe.co.uk 0870241182716 £3/wk
",1
"You have registered Sinco as Payee. Log in at icicibank.com and enter URN  &lt;#&gt;  to confirm. Beware of frauds. Do NOT share or disclose URN to anyone.
",0
"say thanks2. 
",0
"SMS. ac JSco: Energy is high, but u may not know where 2channel it. 2day ur leadership skills r strong. Psychic? Reply ANS w/question. End? Reply END JSCO
",1
"Dude sux for snake. He got old and raiden got buff
",0
"Yeah probably, I still gotta check out with leo
",0
"ITS A LAPTOP TAKE IT WITH YOU.
",0
"Ok...
",0
"DO NOT B LATE LOVE MUM
",0
"If we hit it off, you can move in with me :)
",0
"You got job in wipro:)you will get every thing in life in 2 or 3 years.
",0
"I love working from home :)
",0
"Wait 2 min..stand at bus stop
",0
"LMAO where's your fish memory when I need it?
",0
"How much is blackberry bold2 in nigeria.
",0
"SMS SERVICES. for your inclusive text credits, pls goto www.comuk.net login= ***** unsubscribe with STOP. no extra charge. help:08700469649. PO BOX420. IP4 5WE
",1
"Waaaat?? Lololo ok next time then!
",0
"Not sure I have the stomach for it ...
",0
"Thanks for your ringtone order, ref number R836. Your mobile will be charged £4.50. Should your tone not arrive please call customer services on 09065069154
",1
"Congrats! 1 year special cinema pass for 2 is yours. call 09061209465 now! C Suprman V, Matrix3, StarWars3, etc all 4 FREE! bx420-ip4-5we. 150pm. Dont miss out!
",1
"Yar else i'll thk of all sorts of funny things.
",0
"Oh... Kay... On sat right?
",0
"Then she dun believe wat?
",0
"Yup i've finished c ü there...
",0
"Yup but not studying surfing lor. I'm in e lazy mode today.
",0
"Gosh that , what a pain. Spose I better come then.
",0
"You might want to pull out more just in case and just plan on not spending it if you can, I don't have much confidence in derek and taylor's money management
",0
"Oh baby of the house. How come you dont have any new pictures on facebook
",0
"You said not now. No problem. When you can. Let me know.
",0
"I've told him that i've returned it. That should i re order it.
",0
"YOUR CHANCE TO BE ON A REALITY FANTASY SHOW call now = 08707509020 Just 20p per min NTT Ltd, PO Box 1327 Croydon CR9 5WB 0870 is a national = rate call
",1
"Aight, I should be there by 8 at the latest, probably closer to 7. Are jay and tyler down or should we just do two trips?
",0
"at bruce b downs &amp; fletcher now
",0
"Oh, then your phone phoned me but it disconnected
",0
"Lol they don't know about my awesome phone. I could click delete right now if I want.
",0
"Ok... I din get ur msg...
",0
"Sorry,  in meeting I'll call you later
",0
"No de.am seeing in online shop so that i asked.
",0
"Sorry, I can't help you on this.
",0
"Honeybee Said: *I'm d Sweetest in d World* God Laughed &amp; Said: *Wait,U Havnt Met d Person Reading This Msg* MORAL: Even GOD Can Crack Jokes! GM+GN+GE+GN:)
",0
"Oh is it! Which brand?
",0
"Yeah we wouldn't leave for an hour at least, how's 4 sound?
",0
"Sorry. || mail? || 
",0
"I hope you arnt pissed off but id would really like to see you tomorrow. Love me xxxxxxxxxxxxxX
",0
"I got like $ &lt;#&gt; , I can get some more later though. Get whatever you feel like
",0
"Then wat r u doing now? Busy wif work?
",0
"Hmm ill have to think about it... ok you're forgiven! =D
",0
"How i noe... Did ü specify da domain as nusstu... Ü still in sch...
",0
"Dear Voucher Holder 2 claim your 1st class airport lounge passes when using Your holiday voucher call 08704439680. When booking quote 1st class x 2
",1
"Actually nvm, got hella cash, we still on for  &lt;#&gt; ish?
",0
"U in town alone?
",0
"Ü mean it's confirmed... I tot they juz say oni... Ok then... 
",0
"HMM yeah if your not too grooved out! And im looking forward to my pound special :)
",0
"K...k...when will you give treat?
",0
"Yeah that's the impression I got
",0
"If u dun drive then how i go 2 sch.
",0
"Haven't found a way to get another app for your phone, eh ? Will you go to the net cafe ? Did you take that job? Geeee I need you babe. I crave to see you ...
",0
"cmon babe, make me horny, *turn* me on! Txt me your fantasy now babe -) Im hot, sticky and need you now. All replies cost £1.50. 2 cancel send STOP
",1
"Loosu go to hospital. De dont let it careless.
",0
"Hurt me... Tease me... Make me cry... But in the end of my life when i die plz keep one rose on my grave and say STUPID I MISS U.. HAVE A NICE DAY BSLVYL
",0
"Ü bot notes oredi... Cos i juz rem i got...
",0
"Yes just finished watching days of our lives. I love it.
",0
"Urgent UR awarded a complimentary trip to EuroDisinc Trav, Aco&Entry41 Or £1000. To claim txt DIS to 87121 18+6*£1.50(moreFrmMob. ShrAcomOrSglSuplt)10, LS1 3AJ
",1
"SMS SERVICES. for your inclusive text credits, pls goto www.comuk.net login= 3qxj9 unsubscribe with STOP, no extra charge. help 08702840625.COMUK. 220-CM2 9AE
",1
"Haha, my friend tyler literally just asked if you could get him a dubsack
",0
"Have you laid your airtel line to rest?
",0
"Please protect yourself from e-threats. SIB never asks for sensitive information like Passwords,ATM/SMS PIN thru email. Never share your password with anybody.
",0
"Yes fine 
",0
"Thanx u darlin!im cool thanx. A few bday drinks 2 nite. 2morrow off! Take care c u soon.xxx
",0
"I dont know why she.s not getting your messages
",0
"either way works for me. I am  &lt;#&gt;  years old. Hope that doesnt bother you.
",0
"Haha, that was the first person I was gonna ask
",0
"I am in bus on the way to calicut
",0
"Hmph. Go head, big baller.
",0
"Edison has rightly said, ""A fool can ask more questions than a wise man can answer"" Now you know why all of us are speechless during ViVa.. GM,GN,GE,GNT:-)
",0
"TheMob>Hit the link to get a premium Pink Panther game, the new no. 1 from Sugababes, a crazy Zebra animation or a badass Hoody wallpaper-all 4 FREE!
",1
"K..then come wenever u lik to come and also tel vikky to come by getting free time..:-)
",0
"She.s fine. I have had difficulties with her phone. It works with mine. Can you pls send her another friend request.
",0
"U come n search tat vid..not finishd..
",0
"I.ll hand her my phone to chat wit u
",0
"Do I? I thought I put it back in the box
",0
"Hi. Hope you had a good day. Have a better night.
",0
"aight we can pick some up, you open before tonight?
",0
"Why did I wake up on my own &gt;:(
",0
"No, I was trying it all weekend ;V
",0
