loader_threads,workers,q_max,files,total_time_s,throughput_fps,avg_latency_s,loader_blocked_s
1,1,4,120,10.4204,11.516,0.5087,9.71
1,1,4,120,10.5065,11.422,0.5146,9.858
1,1,4,120,10.3401,11.605,0.5062,9.688
1,2,4,120,5.3307,22.511,0.303,4.812
1,2,4,120,5.1806,23.163,0.2939,4.645
1,2,4,120,5.3471,22.442,0.3039,4.845
1,4,4,120,3.0851,38.897,0.2238,2.628
1,4,4,120,2.9884,40.155,0.2161,2.557
1,4,4,120,2.9326,40.919,0.2123,2.485
1,8,4,120,1.9548,61.389,0.2021,1.519
1,8,4,120,2.013,59.612,0.2057,1.569
1,8,4,120,1.932,62.112,0.199,1.456
2,1,4,120,10.3468,11.598,0.5894,19.58
2,1,4,120,10.5868,11.335,0.6033,20.084
2,1,4,120,10.4161,11.521,0.5919,19.632
2,2,4,120,5.4323,22.09,0.35,10.002
2,2,4,120,5.3902,22.263,0.3494,9.947
2,2,4,120,5.4109,22.177,0.3476,9.889
2,4,4,120,2.9873,40.17,0.2378,5.245
2,4,4,120,2.9757,40.326,0.2395,5.3
2,4,4,120,2.9469,40.721,0.2372,5.238
2,8,4,120,1.9937,60.19,0.2168,3.243
2,8,4,120,1.9556,61.362,0.2168,3.195
2,8,4,120,1.9839,60.486,0.2207,3.225
4,1,4,120,10.2588,11.697,0.7441,38.6
4,1,4,120,10.1258,11.851,0.7338,38.065
4,1,4,120,10.4596,11.473,0.759,39.386
4,2,4,120,5.3886,22.269,0.4334,20.028
4,2,4,120,5.5206,21.737,0.4439,20.513
4,2,4,120,5.2992,22.645,0.4251,19.629
4,4,4,120,2.9388,40.833,0.282,10.623
4,4,4,120,3.4173,35.115,0.3283,12.444
4,4,4,120,2.9902,40.132,0.2866,10.75
4,8,4,120,1.9507,61.515,0.2441,6.485
4,8,4,120,1.975,60.759,0.2482,6.771
4,8,4,120,2.0259,59.232,0.2531,6.793
1,1,32,120,10.6007,11.32,2.5852,7.507
1,1,32,120,10.222,11.739,2.5047,6.64
1,1,32,120,10.1383,11.836,2.464,6.553
1,2,32,120,5.5204,21.737,1.2293,2.18
1,2,32,120,5.4856,21.875,1.3768,3.792
1,2,32,120,5.1778,23.176,1.3056,3.598
1,4,32,120,2.8661,41.868,0.7546,1.83
1,4,32,120,2.8311,42.387,0.7491,1.895
1,4,32,120,2.9658,40.461,0.7734,1.884
1,8,32,120,1.9483,61.592,0.5461,1.089
1,8,32,120,1.9346,62.029,0.5467,1.125
1,8,32,120,1.9326,62.091,0.5511,1.133
2,1,32,120,10.0019,11.998,2.5098,14.273
2,1,32,120,10.0795,11.905,2.527,14.416
2,1,32,120,10.4482,11.485,2.5959,14.668
2,2,32,120,5.3439,22.455,1.376,7.521
2,2,32,120,5.2154,23.009,1.3313,7.237
2,2,32,120,5.2495,22.859,1.3476,7.339
2,4,32,120,2.9933,40.089,0.7845,3.859
2,4,32,120,2.9833,40.224,0.7977,3.932
2,4,32,120,2.9264,41.006,0.7851,3.891
2,8,32,120,1.9472,61.626,0.5623,2.277
2,8,32,120,1.9255,62.323,0.5596,2.312
2,8,32,120,1.8594,64.538,0.5377,2.126
4,1,32,120,10.1972,11.768,2.664,28.786
4,1,32,120,9.9484,12.062,2.6175,28.279
4,1,32,120,10.2559,11.701,2.6732,28.888
4,2,32,120,5.1857,23.141,1.393,14.303
4,2,32,120,5.6865,21.103,1.523,15.904
4,2,32,120,5.2107,23.03,1.4031,14.669
4,4,32,120,2.8659,41.871,0.7964,7.647
4,4,32,120,3.0417,39.452,0.8557,8.153
4,4,32,120,2.9942,40.078,0.8304,7.878
4,8,32,120,1.8572,64.613,0.5636,4.579
4,8,32,120,1.8437,65.087,0.5564,4.465
4,8,32,120,1.8867,63.602,0.5667,4.649
