Q_MAX,N_LOADER_THREADS,N_WORKERS,total_time_s,throughput_fps,avg_latency_s,loader_blocked_s
4,1,1,10.42,11.52,0.509,9.71
4,1,2,5.331,22.51,0.303,4.81
4,1,4,2.988,40.16,0.216,2.56
4,1,8,1.955,61.39,0.202,1.52
4,2,1,10.416,11.52,0.592,19.63
4,2,2,5.411,22.18,0.349,9.95
4,2,4,2.976,40.33,0.238,5.25
4,2,8,1.984,60.49,0.217,3.23
4,4,1,10.259,11.7,0.744,38.6
4,4,2,5.389,22.27,0.433,20.03
4,4,4,2.99,40.13,0.287,10.75
4,4,8,1.975,60.76,0.248,6.77
32,1,1,10.222,11.74,2.505,6.64
32,1,2,5.486,21.88,1.306,3.6
32,1,4,2.866,41.87,0.755,1.88
32,1,8,1.935,62.03,0.547,1.12
32,2,1,10.079,11.9,2.527,14.42
32,2,2,5.25,22.86,1.348,7.34
32,2,4,2.983,40.22,0.785,3.89
32,2,8,1.925,62.32,0.56,2.28
32,4,1,10.197,11.77,2.664,28.79
32,4,2,5.211,23.03,1.403,14.67
32,4,4,2.994,40.08,0.83,7.88
32,4,8,1.857,64.61,0.564,4.58
